PETRINA;ADRIAN;PETRINAADRIAN;A00;PETRINA_ADRIAN@EMPRESA.COM.AR
ALBANESI;VALERIA;ALBANESIVALERIA;RUV;ALBANESI_VALERIA@EMPRESA.COM.AR
ALONSO;EDITH;ALONSOEDITH;DE1;ALONSO_EDITH@EMPRESA.COM.AR
APAT;ANDRES;APATANDRES;A00;APAT_ANDRES@EMPRESA.COM.AR
BAILLET;PATRICIO;BAILLETPATRICIO;NOP;BAILLET_PATRICIO@EMPRESA.COM.AR
BEIRO;CLAUDIO;BEIROCLAUDIO;BC2;BEIRO_CLAUDIO@EMPRESA.COM.AR
BENASSI;AGUSTIN;BENASSIAGUSTIN;A00;BENASSI_AGUSTIN@EMPRESA.COM.AR
BERJMAN;FEDERICO;BERJMANFEDERICO;GIF;BERJMAN_FEDERICO@EMPRESA.COM.AR
BESADA;GUILLERMO;BESADAGUILLERMO;GIF;BESADA_GUILLERMO@EMPRESA.COM.AR
BEUNZA;GUSTAVO;BEUNZAGUSTAVO;GIF;BEUNZA_GUSTAVO@EMPRESA.COM.AR
BOERR;GENOVEVA;BOERRGENOVEVA;GIF;BOERR_GENOVEVA@EMPRESA.COM.AR
BONGIORNI;OMAR;BONGIORNIOMAR;NOP;BONGIORNI_OMAR@EMPRESA.COM.AR
BONINO;MABEL;BONINOMABEL;M03;BONINO_MABEL@EMPRESA.COM.AR
CALEJMAN;EDUARDO;CALEJMANEDUARDO;DE1;CALEJMAN_CLEMENTE@EMPRESA.COM.AR
CAMPOS;MILTON;CAMPOSMILTON;M03;CAMPOS_MILTON@EMPRESA.COM.AR
CARRO;PABLO;CARROPABLO;NOP;CARRO_PABLO@EMPRESA.COM.AR
CISTERNAS;ANGEL;CISTERNASANGEL;A00;CISTERNAS_ANGEL@EMPRESA.COM.AR
CLARK;EMILIO;CLARKEMILIO;DE1;CLARK_EMILIO@EMPRESA.COM.AR
CONFORTI;UMA;CONFORTIUMA;RUV;CONFORTI_UMA@EMPRESA.COM.AR
DAKOVIC;ALEXIS;DAKOVICALEXIS;A00;DAKOVIC_ALEXIS@EMPRESA.COM.AR
DANIELAN;ISMAEL;DANIELANISMAEL;GIF;DANIELAN_ISMAEL@EMPRESA.COM.AR
DENARI;CARLOS;DENARICARLOS;BC2;DENARI_CARLOS@EMPRESA.COM.AR
DOMINGUEZ;RAMON;DOMINGUEZRAMON;RUV;DOMINGUEZ_RAMON@EMPRESA.COM.AR
ESTERSON;IGNACIO;ESTERSONIGNACIO;GIF;ESTERSON_IGNACIO@EMPRESA.COM.AR
ESTEVEZ;GASTON;ESTEVEZGASTON;GIF;ESTEVEZ_GASTON@EMPRESA.COM.AR
FACIONI;DIEGO;FACIONIDIEGO;DE1;FACIONI_DIEGO@EMPRESA.COM.AR
FALCON;ARIEL;FALCONARIEL;A00;FALCON_ARIEL@EMPRESA.COM.AR
FEDERICO;DANIEL;FEDERICODANIEL;DE1;FEDERICO_DANIEL@EMPRESA.COM.AR
FERREYRA;PAULA;FERREYRAPAULA;NOP;FERREYRA_PAULA@EMPRESA.COM.AR
FERRUCCI;DARIO;FERRUCCIDARIO;DE1;FERRUCCI_DARIO@EMPRESA.COM.AR
FRIAS;DAMIAN;FRIASDAMIAN;DE1;FRIAS_DAMIAN@EMPRESA.COM.AR
GARCIA;ALBERTO;GARCIAALBERTO;A00;GARCIA_ALBERTO@EMPRESA.COM.AR
GAZZA;NICOLAS;GAZZANICOLAS;NOP;GAZZA_NICOLAS@EMPRESA.COM.AR
GIMA;EZEQUIEL;GIMAEZEQUIEL;DE1;GIMA_EZEQUIEL@EMPRESA.COM.AR
GRASSO;BERNARDO;GRASSOBERNARDO;BC2;GRASSO_BERNARDO@EMPRESA.COM.AR
GRIFFO;JULIO;GRIFFOJULIO;LJ4;GRIFFO_JULIO@EMPRESA.COM.AR
HUERTA;MATIAS;HUERTAMATIAS;M03;HUERTA_MATIAS@EMPRESA.COM.AR
HUGUET;JUAN;HUGUETJUAN;LJ4;HUGUET_JUAN@EMPRESA.COM.AR
IVALDI;FERNANDO;IVALDIFERNANDO;GIF;IVALDI_FERNANDO@EMPRESA.COM.AR
IZAGUIRRE;MARGARITA;IZAGUIRREMARGARITA;M03;IZAGUIRRE_MARGARITA@EMPRESA.COM.AR
LEDO;FRANCO;LEDOFRANCO;GIF;LEDO_FRANCO@EMPRESA.COM.AR
LEYER;DEMIAN;LEYERDEMIAN;DE1;LEYER_DEMIAN@EMPRESA.COM.AR
LINARES;LUIS;LINARESLUIS;LJ4;LINARES_LUIS@EMPRESA.COM.AR
LOPEZ BAIO;BRENDA;LOPEZ BAIOBRENDA;BC2;LOPEZ BAIO_BRENDA@EMPRESA.COM.AR
MARCET;RODOLFO;MARCETRODOLFO;RUV;MARCET_RODOLFO@EMPRESA.COM.AR
MARFURESCO;GONZALO;MARFURESCOGONZALO;GIF;MARFURESCO_GONZALO@EMPRESA.COM.AR
MARTINO;LUCIANO;MARTINOLUCIANO;LJ4;MARTINO_LUCIANO@EMPRESA.COM.AR
MARTINOVIC;ULISES;MARTINOVICULISES;RUV;MARTINOVIC_ULISES@EMPRESA.COM.AR
MENDEZ;ALONSO;MENDEZALONSO;A00;MENDEZ_ALONSO@EMPRESA.COM.AR
MOHAMED;MARIANO;MOHAMEDMARIANO;M03;MOHAMED_MARIANO@EMPRESA.COM.AR
MOLINARI;ESTEBAN;MOLINARIESTEBAN;DE1;MOLINARI_ESTEBAN@EMPRESA.COM.AR
MORA;ANTONIO;MORAANTONIO;A00;MORA_ANTONIO@EMPRESA.COM.AR
OLAZABAL;FABIAN;OLAZABALFABIAN;GIF;OLAZABAL_FABIAN@EMPRESA.COM.AR
PALTRINIERI;CECILIA;PALTRINIERICECILIA;BC2;PALTRINIERI_CECILIA@EMPRESA.COM.AR
PEREZ;JORGE;PEREZJORGE;LJ4;PEREZ_JORGE@EMPRESA.COM.AR
PEZZOLI;EMILIANO;PEZZOLIEMILIANO;DE1;PEZZOLI_EMILIANO@EMPRESA.COM.AR
RAMOS;ESTELA;RAMOSESTELA;DE1;RAMOS_ESTELA@EMPRESA.COM.AR
RODRIGUEZ;MANUEL;RODRIGUEZMANUEL;M03;RODRIGUEZ_MANUEL@EMPRESA.COM.AR
RODRIGUEZ;MARIA;RODRIGUEZMARIA;M03;RODRIGUEZ_MARIA@EMPRESA.COM.AR
SALATINO;RAFAEL;SALATINORAFAEL;RUV;SALATINO_RAFAEL@EMPRESA.COM.AR
SALVINI;EDUARDO;SALVINIEDUARDO;DE1;SALVINI_EDUARDO@EMPRESA.COM.AR
SIGNORI;JAVIER;SIGNORIJAVIER;LJ4;SIGNORI_JAVIER@EMPRESA.COM.AR
SURIJON;GABRIEL;SURIJONGABRIEL;GIF;SURIJON_GABRIEL@EMPRESA.COM.AR
TASSARA;RAMIRO;TASSARARAMIRO;RUV;TASSARA_RAMIRO@EMPRESA.COM.AR
TEUBER;ALEJANDRO;TEUBERALEJANDRO;A00;TEUBER_ALEJANDRO@EMPRESA.COM.AR
VERNIS;VICTOR;VERNISVICTOR;RUV;VERNIS_VICTOR@EMPRESA.COM.AR
WAITOLLER;MARIO;WAITOLLERMARIO;M03;WAITOLLER_MARIO@EMPRESA.COM.AR
WALDMAN;LEONARDO;WALDMANLEONARDO;LJ4;WALDMAN_LEONARDO@EMPRESA.COM.AR
WEIS;ROBERTO;WEISROBERTO;RUV;WEIS_ROBERTO@EMPRESA.COM.AR
ZAIATZ;OSCAR;ZAIATZOSCAR;NOP;ZAIATZ_OSCAR@EMPRESA.COM.AR
ZUDAIRE;MARTIN;ZUDAIREMARTIN;M03;ZUDAIRE_MARTIN@EMPRESA.COM.AR